<?xml version="1.0" encoding="utf-8" standalone="yes" ?>
<rss version="2.0" xmlns:atom="http://www.w3.org/2005/Atom">
  <channel>
    <title>Categories on Mark&#39;s Muses</title>
    <link>https://lanari.fi/categories/</link>
    <description>Recent content in Categories on Mark&#39;s Muses</description>
    <generator>Hugo -- gohugo.io</generator>
    <language>en-us</language>
    
	<atom:link href="https://lanari.fi/categories/index.xml" rel="self" type="application/rss+xml" />
    
    
  </channel>
</rss>